"","year","state","division","total_population","fss","firearm_suicides","total_suicides","white_fss","nonwhite_fss"
"1",2010,"Alabama","East South Central",4779736,0.668630339,454,679,0.663974166,0.75999999
"2",2010,"Alaska","Pacific",710231,0.652439024,107,164,0.70588237,0.558139563
"3",2010,"Arizona","Mountain",6392017,0.567246112,620,1093,0.58793968,0.142857149
"4",2010,"Arkansas","West South Central",2915918,0.5950783,266,447,0.604819298,0.571428597
"5",2010,"California","Pacific",37253956,0.381293125,1492,3913,0.403403997,0.234042555
"6",2010,"Colorado","Mountain",5029196,0.493641618,427,865,0.504866183,0
"7",2010,"Connecticut","New England",3574097,0.311614731,110,353,0.294117659,0
"9",2010,"District of Columbia","South Atlantic",601723,0.317073171,13,41,0,0
"10",2010,"Florida","South Atlantic",18801310,0.521333811,1454,2789,0.523446441,0.455128193
"11",2010,"Georgia","South Atlantic",9687653,0.633715799,718,1133,0.640756309,0.600000024
"12",2010,"Hawaii","Pacific",1360301,0.178743961,37,207,0.188888893,0.150442481
"14",2010,"Illinois","East North Central",12830632,0.375212224,442,1178,0.378151268,0.283018857
"15",2010,"Indiana","East North Central",6483802,0.52662037,455,864,0.527338982,0.620689631
"17",2010,"Kansas","West North Central",2853118,0.523690773,210,401,0.538258553,0
"18",2010,"Kentucky","East South Central",4339367,0.640253566,404,631,0.64590162,0
"19",2010,"Louisiana","West South Central",4533372,0.691202873,385,557,0.703703701,0.75
"21",2010,"Maryland","South Atlantic",5773552,0.442231076,222,502,0.459057063,0.336956531
"22",2010,"Massachusetts","New England",6547629,0.230769231,138,598,0.235611513,0
"23",2010,"Michigan","East North Central",9883640,0.479266348,601,1254,0.477992952,0.366071433
"24",2010,"Minnesota","West North Central",5303925,0.467445743,280,599,0.482014388,0
"25",2010,"Mississippi","East South Central",2967297,0.659793814,256,388,0.647929013,0.744186044
"26",2010,"Missouri","West North Central",5988927,0.571261682,489,856,0.57303369,0.631578922
"27",2010,"Montana","Mountain",989415,0.621145374,141,227,0.645320177,0
"29",2010,"Nevada","Mountain",2700551,0.533210332,289,542,0.536489129,0
"31",2010,"New Jersey","Middle Atlantic",8791894,0.260445682,187,718,0.26991871,0.195876285
"32",2010,"New Mexico","Mountain",2059179,0.493946731,204,413,0.530054629,0
"33",2010,"New York","Middle Atlantic",19378102,0.297279793,459,1544,0.317771077,0.148148149
"34",2010,"North Carolina","South Atlantic",9535483,0.602214651,707,1174,0.609640837,0.49473685
"35",2010,"North Dakota","West North Central",672591,0.528301887,56,106,0.532608688,0
"36",2010,"Ohio","East North Central",11536504,0.503127172,724,1439,0.498514116,0.493827164
"37",2010,"Oklahoma","West South Central",3751351,0.613376835,376,613,0.606402993,0.532467544
"39",2010,"Pennsylvania","Middle Atlantic",12702379,0.483809524,762,1575,0.48677966,0.344086021
"41",2010,"South Carolina","South Atlantic",4625364,0.615384615,392,637,0.628571451,0.593220353
"42",2010,"South Dakota","West North Central",814180,0.464285714,65,140,0.540540516,0
"43",2010,"Tennessee","East South Central",6346105,0.620360551,585,943,0.620412827,0.566666663
"44",2010,"Texas","West South Central",25145561,0.589131187,1702,2889,0.588676393,0.581081092
"47",2010,"Virginia","South Atlantic",8001024,0.598130841,576,963,0.611708462,0.444444448
"48",2010,"Washington","Pacific",6724540,0.484848485,464,957,0.501718223,0
"50",2010,"Wisconsin","East North Central",5686986,0.481528662,378,785,0.487039566,0.270270258
"52",2011,"Alabama","East South Central",4802740,0.691131498,452,654,0.69655174,0.571428597
"53",2011,"Alaska","Pacific",722718,0.692307692,99,143,0.643678188,0.510638297
"54",2011,"Arizona","Mountain",6482505,0.581034483,674,1160,0.609315574,0.325842708
"55",2011,"Arkansas","West South Central",2937979,0.647186147,299,462,0.654545426,0.588235319
"56",2011,"California","Pacific",37691912,0.391391391,1564,3996,0.413119525,0.249551162
"57",2011,"Colorado","Mountain",5116796,0.485213582,443,913,0.491879344,0.34375
"58",2011,"Connecticut","New England",3580709,0.3,111,370,0.280346811,0
"61",2011,"Florida","South Atlantic",19057542,0.517361111,1490,2880,0.521173835,0.410404623
"62",2011,"Georgia","South Atlantic",9815210,0.641313742,742,1157,0.649694502,0.573964477
"63",2011,"Hawaii","Pacific",1374810,0.232044199,42,181,0.280487806,0.136842102
"65",2011,"Illinois","East North Central",12869259,0.376019576,461,1226,0.373417735,0.390909106
"66",2011,"Indiana","East North Central",6516922,0.466515323,411,881,0.46875,0.309523821
"69",2011,"Kentucky","East South Central",4369356,0.671111111,453,675,0.671317816,0.789473712
"70",2011,"Louisiana","West South Central",4574836,0.657940663,377,573,0.65553236,0.609195411
"72",2011,"Maryland","South Atlantic",5828289,0.435251799,242,556,0.457858771,0.321428567
"73",2011,"Massachusetts","New England",6587536,0.198290598,116,585,0.200364292,0
"74",2011,"Michigan","East North Central",9876187,0.510305029,619,1213,0.508675814,0.381818175
"75",2011,"Minnesota","West North Central",5344861,0.477744807,322,674,0.487261146,0
"76",2011,"Mississippi","East South Central",2978512,0.688946015,268,389,0.719763994,0.536585391
"77",2011,"Missouri","West North Central",6010688,0.549839228,513,933,0.54190588,0.641509414
"78",2011,"Montana","Mountain",998199,0.655172414,152,232,0.67289722,0
"80",2011,"Nevada","Mountain",2723322,0.533333333,272,510,0.534188032,0
"82",2011,"New Jersey","Middle Atlantic",8821155,0.263081395,181,688,0.271986961,0.14705883
"83",2011,"New Mexico","Mountain",2082224,0.526190476,221,420,0.552560627,0.292682916
"84",2011,"New York","Middle Atlantic",19465197,0.304951691,505,1656,0.33216539,0.109170303
"85",2011,"North Carolina","South Atlantic",9656401,0.604651163,728,1204,0.600925922,0.560344815
"87",2011,"Ohio","East North Central",11544951,0.495901639,726,1464,0.492262334,0.471153855
"88",2011,"Oklahoma","West South Central",3791508,0.643274854,440,684,0.647554815,0.526315808
"90",2011,"Pennsylvania","Middle Atlantic",12742886,0.506017192,883,1745,0.511585355,0.319999993
"92",2011,"South Carolina","South Atlantic",4679230,0.647416413,426,658,0.643717706,0.734375
"93",2011,"South Dakota","West North Central",824082,0.46875,60,128,0.490196079,0
"94",2011,"Tennessee","East South Central",6403353,0.618848168,591,955,0.621262431,0.600000024
"95",2011,"Texas","West South Central",25674681,0.582698962,1684,2890,0.591164351,0.452054799
"98",2011,"Virginia","South Atlantic",8096604,0.57359924,604,1053,0.590909064,0.352941185
"99",2011,"Washington","Pacific",6830038,0.488647581,495,1013,0.515675664,0
"101",2011,"Wisconsin","East North Central",5711767,0.47114094,351,745,0.478138208,0
"103",2012,"Alabama","East South Central",4822023,0.690607735,500,724,0.696540892,0.587499976
"104",2012,"Alaska","Pacific",731449,0.583333333,98,168,0.558823526,0.48888889
"105",2012,"Arizona","Mountain",6553255,0.573529412,663,1156,0.594021201,0.327272713
"106",2012,"Arkansas","West South Central",2949131,0.632989691,307,485,0.637583911,0.739130437
"107",2012,"California","Pacific",38041430,0.397893655,1549,3893,0.420689642,0.250453711
"108",2012,"Colorado","Mountain",5187582,0.506653992,533,1052,0.510040164,0.238095239
"110",2012,"Delaware","South Atlantic",917092,0.368,46,125,0.32710281,0
"111",2012,"District of Columbia","South Atlantic",632323,0.27027027,10,37,0,0
"112",2012,"Florida","South Atlantic",19317568,0.516322452,1550,3002,0.517104805,0.454545468
"113",2012,"Georgia","South Atlantic",9919945,0.642123288,750,1168,0.643145144,0.608433723
"114",2012,"Hawaii","Pacific",1392313,0.226315789,43,190,0.264367819,0.173469394
"116",2012,"Illinois","East North Central",12875255,0.379256966,490,1292,0.386130124,0.286956519
"117",2012,"Indiana","East North Central",6537334,0.545744681,513,940,0.55106622,0.365853667
"119",2012,"Kansas","West North Central",2885905,0.591633466,297,502,0.588235319,0.800000012
"120",2012,"Kentucky","East South Central",4380415,0.647790055,469,724,0.648766339,0.666666687
"121",2012,"Louisiana","West South Central",4601893,0.661375661,375,567,0.671428561,0.555555582
"123",2012,"Maryland","South Atlantic",5884563,0.468158348,272,581,0.484913796,0.394495428
"124",2012,"Massachusetts","New England",6646144,0.25,151,604,0.264388502,0
"125",2012,"Michigan","East North Central",9883360,0.494052339,623,1261,0.498233229,0.451923072
"126",2012,"Minnesota","West North Central",5379139,0.476190476,310,651,0.496644288,0
"127",2012,"Mississippi","East South Central",2984926,0.72195122,296,410,0.764204562,0.350877196
"128",2012,"Missouri","West North Central",6021988,0.597374179,546,914,0.603971958,0.589743614
"129",2012,"Montana","Mountain",1005141,0.656652361,153,233,0.685714304,0
"131",2012,"Nevada","Mountain",2758931,0.529980658,274,517,0.517316043,0.368421048
"133",2012,"New Jersey","Middle Atlantic",8864590,0.234604106,160,682,0.251282066,0.103092782
"134",2012,"New Mexico","Mountain",2085538,0.520361991,230,442,0.554959774,0.288135588
"135",2012,"New York","Middle Atlantic",19570261,0.302639296,516,1705,0.321045578,0.126760557
"136",2012,"North Carolina","South Atlantic",9752073,0.554773083,709,1278,0.563247859,0.356435657
"138",2012,"Ohio","East North Central",11544225,0.50843061,784,1542,0.515492976,0.378378391
"139",2012,"Oklahoma","West South Central",3814820,0.618975904,411,664,0.629116118,0.486842096
"140",2012,"Oregon","Pacific",3899353,0.506906077,367,724,0.515151501,0
"141",2012,"Pennsylvania","Middle Atlantic",12763536,0.49726776,819,1647,0.501643658,0.380165279
"143",2012,"South Carolina","South Atlantic",4723723,0.643387816,433,673,0.654605269,0.518518507
"144",2012,"South Dakota","West North Central",833354,0.539007092,76,141,0.538461566,0
"145",2012,"Tennessee","East South Central",6456243,0.6400818,626,978,0.646017671,0.587301612
"146",2012,"Texas","West South Central",26059203,0.574818721,1744,3034,0.578192234,0.508130074
"149",2012,"Virginia","South Atlantic",8185867,0.552730697,587,1062,0.565450668,0.404958665
"150",2012,"Washington","Pacific",6897012,0.513094083,529,1031,0.527484119,0
"152",2012,"Wisconsin","East North Central",5726398,0.481327801,348,723,0.489795923,0
"154",2013,"Alabama","East South Central",4833722,0.699029126,504,721,0.71406728,0.483870953
"155",2013,"Alaska","Pacific",735132,0.701754386,120,171,0.745283008,0.578947365
"156",2013,"Arizona","Mountain",6626624,0.563198624,655,1163,0.586935639,0.278260857
"157",2013,"Arkansas","West South Central",2959373,0.624031008,322,516,0.63190186,0.5
"158",2013,"California","Pacific",38332521,0.390310559,1571,4025,0.412867874,0.230769232
"159",2013,"Colorado","Mountain",5268367,0.485600794,489,1007,0.493207932,0
"160",2013,"Connecticut","New England",3596080,0.278787879,92,330,0.270967752,0
"162",2013,"District of Columbia","South Atlantic",646449,0,0,38,0,0
"163",2013,"Florida","South Atlantic",19552860,0.534836066,1566,2928,0.544682443,0.370370358
"164",2013,"Georgia","South Atlantic",9992167,0.616336634,747,1212,0.62608695,0.573964477
"165",2013,"Hawaii","Pacific",1404054,0.16374269,28,171,0.195121944,0
"167",2013,"Illinois","East North Central",12882135,0.375473126,496,1321,0.381192267,0.289256185
"168",2013,"Indiana","East North Central",6570902,0.554025424,523,944,0.564189196,0.377777785
"170",2013,"Kansas","West North Central",2893957,0.567058824,241,425,0.572519064,0.588235319
"171",2013,"Kentucky","East South Central",4395295,0.646219686,453,701,0.655737698,0.5
"172",2013,"Louisiana","West South Central",4625470,0.699828473,408,583,0.708582819,0.613333344
"174",2013,"Maryland","South Atlantic",5928814,0.452464789,257,568,0.484716147,0.313725501
"175",2013,"Massachusetts","New England",6692824,0.195804196,112,572,0.194706991,0
"176",2013,"Michigan","East North Central",9895622,0.523291925,674,1288,0.52645272,0.382113814
"177",2013,"Minnesota","West North Central",5420380,0.5,339,678,0.524271846,0
"178",2013,"Mississippi","East South Central",2991207,0.719072165,279,388,0.735562325,0.563636363
"179",2013,"Missouri","West North Central",6044171,0.579770594,556,959,0.586399078,0.366666675
"180",2013,"Montana","Mountain",1015165,0.604938272,147,243,0.646226406,0
"182",2013,"Nevada","Mountain",2790136,0.547842402,292,533,0.559183657,0.303030312
"184",2013,"New Jersey","Middle Atlantic",8899339,0.256613757,194,756,0.260416657,0.15384616
"185",2013,"New Mexico","Mountain",2085287,0.515081206,222,431,0.541237116,0
"186",2013,"New York","Middle Atlantic",19651127,0.276292335,465,1683,0.290456444,0.172995776
"187",2013,"North Carolina","South Atlantic",9848060,0.60046729,771,1284,0.608733654,0.560344815
"188",2013,"North Dakota","West North Central",723393,0.59375,76,128,0.615384638,0
"189",2013,"Ohio","East North Central",11570808,0.524590164,800,1525,0.53285712,0.354838699
"190",2013,"Oklahoma","West South Central",3850568,0.656060606,433,660,0.66551125,0.379746825
"191",2013,"Oregon","Pacific",3930065,0.55730659,389,698,0.563444138,0
"192",2013,"Pennsylvania","Middle Atlantic",12773801,0.513710129,918,1787,0.520047903,0.366972476
"194",2013,"South Carolina","South Atlantic",4774839,0.675287356,470,696,0.676800013,0.714285731
"195",2013,"South Dakota","West North Central",844877,0.482993197,71,147,0.516393423,0
"196",2013,"Tennessee","East South Central",6495978,0.65631068,676,1030,0.66112268,0.722222209
"197",2013,"Texas","West South Central",26448193,0.582651391,1780,3055,0.588424444,0.48046875
"198",2013,"Utah","Mountain",2900872,0.512152778,295,576,0.51098901,0
"200",2013,"Virginia","South Atlantic",8260405,0.561682243,601,1070,0.569327712,0.460869551
"201",2013,"Washington","Pacific",6971406,0.47030185,483,1027,0.476706386,0.390804589
"203",2013,"Wisconsin","East North Central",5742713,0.514117647,437,850,0.523398995,0
"205",2014,"Alabama","East South Central",4849377,0.66993007,479,715,0.662015498,0.676470578
"206",2014,"Alaska","Pacific",736732,0.688622754,115,167,0.615384638,0.75
"207",2014,"Arizona","Mountain",6731484,0.54903537,683,1244,0.573476732,0.310344815
"208",2014,"Arkansas","West South Central",2966369,0.627184466,323,515,0.633123696,0.689655185
"209",2014,"California","Pacific",38802500,0.375415282,1582,4214,0.395839036,0.208556145
"210",2014,"Colorado","Mountain",5355866,0.497691597,539,1083,0.508720934,0
"211",2014,"Connecticut","New England",3596677,0.329815303,125,379,0.333333343,0
"213",2014,"District of Columbia","South Atlantic",658893,0.269230769,14,52,0,0
"214",2014,"Florida","South Atlantic",19893297,0.50675453,1538,3035,0.508462608,0.420212775
"215",2014,"Georgia","South Atlantic",10097343,0.649420849,841,1295,0.658181846,0.51098901
"216",2014,"Hawaii","Pacific",1419561,0.161764706,33,204,0.214953274,0
"218",2014,"Illinois","East North Central",12880580,0.381258941,533,1398,0.376674533,0.3828125
"219",2014,"Indiana","East North Central",6596855,0.556962025,528,948,0.559246957,0.714285731
"221",2014,"Kansas","West North Central",2904021,0.523076923,238,455,0.538461566,0
"222",2014,"Kentucky","East South Central",4413457,0.645604396,470,728,0.656565666,0.458333343
"223",2014,"Louisiana","West South Central",4649676,0.653902798,444,679,0.668941975,0.5
"225",2014,"Maryland","South Atlantic",5976407,0.45785124,277,605,0.451745391,0.472222209
"226",2014,"Massachusetts","New England",6745408,0.219224283,130,593,0.225402504,0
"227",2014,"Michigan","East North Central",9909877,0.498144024,671,1347,0.502838612,0.336363643
"228",2014,"Minnesota","West North Central",5457173,0.448979592,308,686,0.477491975,0
"229",2014,"Mississippi","East South Central",2994079,0.660526316,251,380,0.662538707,0.739130437
"230",2014,"Missouri","West North Central",6063589,0.578171091,588,1017,0.583592951,0.404255331
"231",2014,"Montana","Mountain",1023579,0.593625498,149,251,0.616740108,0
"233",2014,"Nevada","Mountain",2839099,0.544014085,309,568,0.549514592,0.357142866
"235",2014,"New Jersey","Middle Atlantic",8938175,0.24744898,194,784,0.255474448,0.101010099
"236",2014,"New Mexico","Mountain",2085572,0.543429844,244,449,0.560794055,0
"237",2014,"New York","Middle Atlantic",19746227,0.279811098,474,1694,0.307798475,0.093877554
"238",2014,"North Carolina","South Atlantic",9943964,0.562130178,760,1352,0.578991592,0.380645156
"240",2014,"Ohio","East North Central",11594163,0.499328859,744,1490,0.499634236,0.382608682
"241",2014,"Oklahoma","West South Central",3878051,0.593451569,435,733,0.600633919,0.494623661
"242",2014,"Oregon","Pacific",3970239,0.539641944,422,782,0.54400003,0
"243",2014,"Pennsylvania","Middle Atlantic",12787209,0.493670886,897,1817,0.505889297,0.268907577
"245",2014,"South Carolina","South Atlantic",4832482,0.636122178,479,753,0.642433226,0.575757563
"246",2014,"South Dakota","West North Central",853175,0.539007092,76,141,0.612068951,0
"247",2014,"Tennessee","East South Central",6549352,0.645937813,644,997,0.643468976,0.625
"248",2014,"Texas","West South Central",26956958,0.551139864,1789,3246,0.56201154,0.419141918
"251",2014,"Virginia","South Atlantic",8326289,0.559428061,626,1119,0.569979727,0.406015038
"252",2014,"Washington","Pacific",7061530,0.495503597,551,1112,0.509980023,0.327272713
"254",2014,"Wisconsin","East North Central",5757564,0.457737321,352,769,0.461643845,0
"256",2015,"Alabama","East South Central",4858979,0.704,528,750,0.71344167,0.645161271
"257",2015,"Alaska","Pacific",738432,0.611940299,123,201,0.703999996,0.390625
"258",2015,"Arizona","Mountain",6828065,0.554075235,707,1276,0.580034435,0.209999993
"259",2015,"Arkansas","West South Central",2978204,0.592720971,342,577,0.603669703,0.5
"260",2015,"California","Pacific",39144818,0.37413007,1559,4167,0.394354373,0.221269295
"261",2015,"Colorado","Mountain",5456574,0.494967978,541,1093,0.501449287,0
"262",2015,"Connecticut","New England",3590886,0.270833333,104,384,0.259154916,0
"263",2015,"Delaware","South Atlantic",945934,0.450819672,55,122,0.479591846,0
"264",2015,"District of Columbia","South Atlantic",672228,0.323529412,11,34,0,0
"265",2015,"Florida","South Atlantic",20271272,0.508580343,1630,3205,0.514592409,0.351851851
"266",2015,"Georgia","South Atlantic",10214860,0.624905087,823,1317,0.6345976,0.576271176
"267",2015,"Hawaii","Pacific",1431603,0.218905473,44,201,0.244186044,0.158878505
"269",2015,"Illinois","East North Central",12859995,0.363169479,495,1363,0.365635186,0.283582091
"270",2015,"Indiana","East North Central",6619680,0.538541667,517,960,0.542354226,0.51219511
"272",2015,"Kansas","West North Central",2911641,0.469601677,224,477,0.47139588,0
"273",2015,"Kentucky","East South Central",4425092,0.643041237,499,776,0.652463377,0
"274",2015,"Louisiana","West South Central",4670724,0.648199446,468,722,0.674679458,0.409090906
"276",2015,"Maryland","South Atlantic",6006401,0.441229656,244,553,0.470982134,0.267326742
"277",2015,"Massachusetts","New England",6794422,0.184087363,118,641,0.186868683,0
"278",2015,"Michigan","East North Central",9922576,0.493228795,692,1403,0.492272019,0.424242437
"279",2015,"Minnesota","West North Central",5489594,0.416438356,304,730,0.425563902,0
"280",2015,"Mississippi","East South Central",2992333,0.6774942,292,431,0.678474128,0.571428597
"281",2015,"Missouri","West North Central",6083672,0.575095057,605,1052,0.583926737,0.392156869
"282",2015,"Montana","Mountain",1032949,0.639705882,174,272,0.663999975,0
"284",2015,"Nevada","Mountain",2890845,0.528880866,293,554,0.546747983,0
"286",2015,"New Jersey","Middle Atlantic",8958013,0.239847716,189,788,0.248563215,0.119565219
"287",2015,"New Mexico","Mountain",2085109,0.55,275,500,0.582191765,0
"288",2015,"New York","Middle Atlantic",19795791,0.255306246,421,1649,0.277340949,0.108000003
"289",2015,"North Carolina","South Atlantic",10042802,0.559743954,787,1406,0.56904763,0.354609936
"291",2015,"Ohio","East North Central",11613423,0.522451456,861,1648,0.520682871,0.471074373
"292",2015,"Oklahoma","West South Central",3911338,0.594663278,468,787,0.61200583,0.414893627
"293",2015,"Oregon","Pacific",4028977,0.49469496,373,754,0.496493697,0
"294",2015,"Pennsylvania","Middle Atlantic",12802503,0.493121693,932,1890,0.496866107,0.288888901
"296",2015,"South Carolina","South Atlantic",4896146,0.632075472,469,742,0.634556592,0.48780489
"297",2015,"South Dakota","West North Central",858469,0.421965318,73,173,0.547826111,0
"298",2015,"Tennessee","East South Central",6600299,0.597378277,638,1068,0.601823688,0.666666687
"299",2015,"Texas","West South Central",27469114,0.587680519,1994,3393,0.594473004,0.451957285
"300",2015,"Utah","Mountain",2995919,0.496825397,313,630,0.511666656,0
"302",2015,"Virginia","South Atlantic",8382993,0.567056706,630,1111,0.584455967,0.315068483
"303",2015,"Washington","Pacific",7170351,0.474801061,537,1131,0.486777663,0.290909082
"305",2015,"Wisconsin","East North Central",5771337,0.483466363,424,877,0.485207111,0
"307",2016,"Alabama","East South Central",4863300,0.697969543,550,788,0.70168066,0.707692325
"308",2016,"Alaska","Pacific",741894,0.585492228,113,193,0.634782612,0.400000006
"309",2016,"Arizona","Mountain",6931071,0.594020456,755,1271,0.636202335,0.09375
"310",2016,"Arkansas","West South Central",2988248,0.596396396,331,555,0.607421875,0.388888896
"311",2016,"California","Pacific",39250017,0.371448533,1595,4294,0.389742196,0.25
"312",2016,"Colorado","Mountain",5540545,0.524828767,613,1168,0.531876147,0.230769232
"313",2016,"Connecticut","New England",3576452,0.277078086,110,397,0.252032518,0
"314",2016,"Delaware","South Atlantic",952065,0.546218487,65,119,0.490566045,0
"315",2016,"District of Columbia","South Atlantic",681170,0,0,40,0,0
"316",2016,"Florida","South Atlantic",20612439,0.531975819,1672,3143,0.537664115,0.452282161
"317",2016,"Georgia","South Atlantic",10310371,0.618168914,871,1409,0.625107467,0.551020384
"318",2016,"Hawaii","Pacific",1428557,0.212643678,37,174,0.178571433,0.180180177
"320",2016,"Illinois","East North Central",12801539,0.357597173,506,1415,0.362001568,0.251851857
"321",2016,"Indiana","East North Central",6633053,0.571566731,591,1034,0.570230603,0.394736856
"323",2016,"Kansas","West North Central",2907289,0.5,257,514,0.50746268,0.5
"324",2016,"Kentucky","East South Central",4436974,0.654761905,495,756,0.664335668,0.393939406
"325",2016,"Louisiana","West South Central",4681666,0.649926145,440,677,0.673611104,0.483146071
"327",2016,"Maryland","South Atlantic",6016447,0.428327645,251,586,0.451754391,0.322314054
"328",2016,"Massachusetts","New England",6811779,0.222222222,140,630,0.215277776,0
"329",2016,"Michigan","East North Central",9928300,0.529151292,717,1355,0.531326294,0.483606547
"330",2016,"Minnesota","West North Central",5519952,0.445637584,332,745,0.466275662,0
"331",2016,"Mississippi","East South Central",2988726,0.699738903,268,383,0.710365832,0.688888907
"332",2016,"Missouri","West North Central",6093000,0.575730735,650,1129,0.580520749,0.402439028
"333",2016,"Montana","Mountain",1042520,0.606741573,162,267,0.622489989,0
"334",2016,"Nebraska","West North Central",1907116,0.471544715,116,246,0.436936945,0
"335",2016,"Nevada","Mountain",2940058,0.519440124,334,643,0.51657939,0.475409836
"337",2016,"New Jersey","Middle Atlantic",8944469,0.256186317,176,687,0.248756215,0.186666667
"338",2016,"New Mexico","Mountain",2081015,0.515923567,243,471,0.550000012,0
"339",2016,"New York","Middle Atlantic",19745289,0.292712067,490,1674,0.316455692,0.119047619
"340",2016,"North Carolina","South Atlantic",10146788,0.57771261,788,1364,0.582309604,0.409090906
"341",2016,"North Dakota","West North Central",757953,0.535714286,75,140,0.508474588,0
"342",2016,"Ohio","East North Central",11614373,0.542790152,926,1706,0.54621309,0.400000006
"343",2016,"Oklahoma","West South Central",3923561,0.635135135,517,814,0.637906671,0.495049506
"344",2016,"Oregon","Pacific",4093465,0.53626943,414,772,0.541723669,0
"345",2016,"Pennsylvania","Middle Atlantic",12784227,0.496187087,976,1967,0.505722046,0.258064508
"347",2016,"South Carolina","South Atlantic",4961119,0.644171779,525,815,0.65061897,0.537500024
"348",2016,"South Dakota","West North Central",865454,0.515337423,84,163,0.589743614,0.279069781
"349",2016,"Tennessee","East South Central",6651194,0.607560756,675,1111,0.613948941,0.422222227
"350",2016,"Texas","West South Central",27862596,0.579643473,2016,3478,0.58053267,0.530864179
"353",2016,"Virginia","South Atlantic",8411808,0.576956148,671,1163,0.588059723,0.411392391
"354",2016,"Washington","Pacific",7288000,0.451358457,515,1141,0.46726191,0.341666669
"356",2016,"Wisconsin","East North Central",5778709,0.53092182,455,857,0.528395057,0.46875
"358",2017,"Alabama","East South Central",4874747,0.685406699,573,836,0.692410111,0.512820542
"359",2017,"Alaska","Pacific",739795,0.595,119,200,0.554621875,0.397058815
"360",2017,"Arizona","Mountain",7016270,0.596834966,792,1327,0.622544825,0.302631587
"361",2017,"Arkansas","West South Central",3004279,0.621236133,392,631,0.623916805,0.51219511
"362",2017,"California","Pacific",39536653,0.373376623,1610,4312,0.393914461,0.261001527
"363",2017,"Colorado","Mountain",5607154,0.50127011,592,1181,0.503629744,0.280701756
"364",2017,"Connecticut","New England",3588184,0.269135802,109,405,0.252717406,0
"365",2017,"Delaware","South Atlantic",961939,0.446428571,50,112,0.393939406,0
"366",2017,"District of Columbia","South Atlantic",693972,0,0,47,0,0
"367",2017,"Florida","South Atlantic",20984400,0.533932445,1723,3227,0.540703535,0.405857742
"368",2017,"Georgia","South Atlantic",10429379,0.625775327,908,1451,0.633165836,0.609756112
"369",2017,"Hawaii","Pacific",1427538,0.13215859,30,227,0.135135129,0.090090089
"371",2017,"Illinois","East North Central",12802023,0.391451832,577,1474,0.388036817,0.393750012
"372",2017,"Indiana","East North Central",6666818,0.553113553,604,1092,0.554901958,0.491803288
"374",2017,"Kansas","West North Central",2913123,0.580882353,316,544,0.585317433,0.428571433
"375",2017,"Kentucky","East South Central",4454189,0.61038961,470,770,0.613915443,0.560000002
"376",2017,"Louisiana","West South Central",4684333,0.616666667,444,720,0.622895598,0.601694942
"378",2017,"Maryland","South Atlantic",6052177,0.431528662,271,628,0.454545468,0.293650806
"379",2017,"Massachusetts","New England",6859819,0.2228739,152,682,0.223101273,0
"380",2017,"Michigan","East North Central",9962311,0.468085106,682,1457,0.4743976,0.280991733
"381",2017,"Minnesota","West North Central",5576606,0.466155811,365,783,0.484550565,0
"382",2017,"Mississippi","East South Central",2984100,0.662921348,295,445,0.670157075,0.5
"383",2017,"Missouri","West North Central",6113532,0.609035621,701,1151,0.608411193,0.585714281
"384",2017,"Montana","Mountain",1050493,0.68488746,213,311,0.728260875,0
"386",2017,"Nevada","Mountain",2998039,0.528089888,329,623,0.542592585,0.204819277
"388",2017,"New Jersey","Middle Atlantic",9005644,0.256603774,204,795,0.266666681,0.150000006
"389",2017,"New Mexico","Mountain",2088070,0.531568228,261,491,0.558620691,0.318181813
"390",2017,"New York","Middle Atlantic",19849399,0.256213018,433,1690,0.277074546,0.111940302
"391",2017,"North Carolina","South Atlantic",10273419,0.555555556,840,1512,0.556053817,0.462500006
"392",2017,"North Dakota","West North Central",755393,0.603896104,93,154,0.574626863,0
"393",2017,"Ohio","East North Central",11658609,0.527586207,918,1740,0.527654171,0.46875
"394",2017,"Oklahoma","West South Central",3930864,0.590053763,439,744,0.593354404,0.428571433
"395",2017,"Oregon","Pacific",4142776,0.532121212,439,825,0.540645182,0
"396",2017,"Pennsylvania","Middle Atlantic",12805537,0.489162562,993,2030,0.495726496,0.370860934
"398",2017,"South Carolina","South Atlantic",5024369,0.633651551,531,838,0.635359108,0.560000002
"399",2017,"South Dakota","West North Central",869666,0.434554974,83,191,0.510638297,0
"400",2017,"Tennessee","East South Central",6715984,0.609777015,711,1166,0.610545814,0.540540516
"401",2017,"Texas","West South Central",28304596,0.572110286,2158,3772,0.581732213,0.467866331
"402",2017,"Utah","Mountain",3101833,0.518853695,344,663,0.528662443,0
"404",2017,"Virginia","South Atlantic",8470020,0.571914894,672,1175,0.572387338,0.528455257
"405",2017,"Washington","Pacific",7405743,0.492675405,639,1297,0.511206925,0.293650806
"407",2017,"Wisconsin","East North Central",5795483,0.473856209,435,918,0.470790386,0.375
"409",2018,"Alabama","East South Central",4887871,0.670716889,552,823,0.672676861,0.615384638
"410",2018,"Alaska","Pacific",737438,0.581521739,107,184,0.675000012,0.305084735
"411",2018,"Arizona","Mountain",7171646,0.557719054,802,1438,0.592741907,0.272251308
"412",2018,"Arkansas","West South Central",3013825,0.622743682,345,554,0.633204639,0.479999989
"413",2018,"California","Pacific",39557045,0.362725451,1629,4491,0.382096648,0.249641314
"414",2018,"Colorado","Mountain",5695564,0.514820593,660,1282,0.516290724,0.428571433
"415",2018,"Connecticut","New England",3572665,0.303102625,127,419,0.318652838,0
"416",2018,"Delaware","South Atlantic",967171,0.513274336,58,113,0.452631593,0
"417",2018,"District of Columbia","South Atlantic",702455,0,0,54,0,0
"418",2018,"Florida","South Atlantic",21299325,0.523969722,1869,3567,0.527963519,0.445692897
"419",2018,"Georgia","South Atlantic",10519475,0.629063098,987,1569,0.64940238,0.543130994
"420",2018,"Hawaii","Pacific",1420491,0.170454545,30,176,0.225352108,0.099009901
"421",2018,"Idaho","Mountain",1754208,0.599520384,250,417,0.612658203,0
"422",2018,"Illinois","East North Central",12741080,0.385080645,573,1488,0.396813363,0.226190478
"423",2018,"Indiana","East North Central",6691878,0.544949027,588,1079,0.546812773,0.475409836
"425",2018,"Kansas","West North Central",2911510,0.529945554,292,551,0.538461566,0.34375
"426",2018,"Kentucky","East South Central",4468402,0.63625,509,800,0.644179881,0.59375
"427",2018,"Louisiana","West South Central",4659978,0.648611111,467,720,0.658333361,0.607476652
"429",2018,"Maryland","South Atlantic",6042718,0.409230769,266,650,0.442084938,0.181818187
"430",2018,"Massachusetts","New England",6902149,0.200814111,148,737,0.204444438,0
"431",2018,"Michigan","East North Central",9995915,0.521345408,806,1546,0.525547445,0.386363626
"432",2018,"Minnesota","West North Central",5611179,0.48173207,356,739,0.499257058,0
"433",2018,"Mississippi","East South Central",2986530,0.743467933,313,421,0.75,0.725490212
"434",2018,"Missouri","West North Central",6126452,0.590243902,726,1230,0.596631229,0.505747139
"435",2018,"Montana","Mountain",1062305,0.603773585,160,265,0.628691971,0
"437",2018,"Nevada","Mountain",3034392,0.56374808,367,651,0.573913038,0.381578952
"439",2018,"New Jersey","Middle Atlantic",8908520,0.248071979,193,778,0.260740727,0.145631075
"440",2018,"New Mexico","Mountain",2095428,0.530188679,281,530,0.57303369,0.207792208
"441",2018,"New York","Middle Atlantic",19542209,0.258420441,445,1722,0.286505193,0.086642601
"442",2018,"North Carolina","South Atlantic",10383620,0.587483176,873,1486,0.594716966,0.43225807
"444",2018,"Ohio","East North Central",11689442,0.523679913,962,1837,0.532654285,0.375757575
"445",2018,"Oklahoma","West South Central",3943079,0.595390525,465,781,0.606015027,0.418181807
"446",2018,"Oregon","Pacific",4190713,0.51076555,427,836,0.511860192,0
"447",2018,"Pennsylvania","Middle Atlantic",12807060,0.509190263,1025,2013,0.518898487,0.347826093
"449",2018,"South Carolina","South Atlantic",5084127,0.607891492,493,811,0.608757079,0.571428597
"450",2018,"South Dakota","West North Central",882235,0.54491018,91,167,0.5546875,0
"451",2018,"Tennessee","East South Central",6770010,0.594315245,690,1161,0.588235319,0.595744669
"452",2018,"Texas","West South Central",28701845,0.576854448,2263,3923,0.580755055,0.507499993
"453",2018,"Utah","Mountain",3161105,0.509774436,339,665,0.51592356,0
"455",2018,"Virginia","South Atlantic",8517685,0.547580645,679,1240,0.564683676,0.342541426
"456",2018,"Washington","Pacific",7535591,0.481511254,599,1244,0.49545455,0.305555552
"458",2018,"Wisconsin","East North Central",5813568,0.472972973,420,888,0.483596593,0.239999995
"460",2019,"Alabama","East South Central",4903185,0.675373134,543,804,0.676096201,0.634408593
"461",2019,"Alaska","Pacific",731545,0.557142857,117,210,0.584745765,0.361445785
"462",2019,"Arizona","Mountain",7278717,0.570119803,809,1419,0.611952186,0.159235671
"463",2019,"Arkansas","West South Central",3017804,0.622262774,341,548,0.623015881,0.689655185
"464",2019,"California","Pacific",39512223,0.357529306,1586,4436,0.379006416,0.205202311
"465",2019,"Colorado","Mountain",5758736,0.493140244,647,1312,0.506132483,0.191176474
"466",2019,"Connecticut","New England",3565287,0.271264368,118,435,0.251928031,0.433333337
"468",2019,"District of Columbia","South Atlantic",705749,0.272727273,12,44,0,0
"469",2019,"Florida","South Atlantic",21477737,0.521789322,1808,3465,0.524976432,0.478417277
"470",2019,"Georgia","South Atlantic",10617423,0.602523659,955,1585,0.614420056,0.567114115
"471",2019,"Hawaii","Pacific",1415872,0.183035714,41,224,0.182795703,0.157480314
"472",2019,"Idaho","Mountain",1787065,0.610958904,223,365,0.625,0
"473",2019,"Illinois","East North Central",12671821,0.375260598,540,1439,0.384554774,0.242603555
"474",2019,"Indiana","East North Central",6732219,0.586419753,570,972,0.587125421,0.551724136
"475",2019,"Iowa","West North Central",3155070,0.441287879,233,528,0.451416999,0
"476",2019,"Kansas","West North Central",2913314,0.556405354,291,523,0.560574949,0.649999976
"477",2019,"Kentucky","East South Central",4467673,0.588624339,445,756,0.596614957,0.566666663
"478",2019,"Louisiana","West South Central",4648794,0.633522727,446,704,0.62731874,0.591836751
"480",2019,"Maryland","South Atlantic",6045680,0.409160305,268,655,0.432220042,0.282608688
"481",2019,"Massachusetts","New England",6892503,0.219474498,142,647,0.223529413,0
"482",2019,"Michigan","East North Central",9986857,0.507871321,742,1461,0.503067493,0.490445852
"483",2019,"Minnesota","West North Central",5639632,0.421686747,350,830,0.447988898,0.183486238
"484",2019,"Mississippi","East South Central",2976149,0.706422018,308,436,0.711111128,0.730158746
"485",2019,"Missouri","West North Central",6137428,0.596844873,681,1141,0.602443635,0.457627118
"486",2019,"Montana","Mountain",1068778,0.595155709,172,289,0.624505937,0
"488",2019,"Nevada","Mountain",3080156,0.55399061,354,639,0.559502661,0.449275374
"490",2019,"New Jersey","Middle Atlantic",8882190,0.227034121,173,762,0.246489853,0.099173553
"491",2019,"New Mexico","Mountain",2096829,0.553606238,284,513,0.594907403,0.213114753
"492",2019,"New York","Middle Atlantic",19453561,0.267647059,455,1700,0.290819913,0.0989011
"493",2019,"North Carolina","South Atlantic",10488084,0.578947368,781,1349,0.58453697,0.512345672
"495",2019,"Ohio","East North Central",11689100,0.542936288,980,1805,0.54852581,0.421965331
"496",2019,"Oklahoma","West South Central",3956971,0.586121437,473,807,0.594436288,0.452991456
"497",2019,"Oregon","Pacific",4217737,0.518930958,466,898,0.529411793,0
"498",2019,"Pennsylvania","Middle Atlantic",12801989,0.508438819,964,1896,0.51879698,0.317365259
"500",2019,"South Carolina","South Atlantic",5148714,0.624413146,532,852,0.626373649,0.603603601
"501",2019,"South Dakota","West North Central",884659,0.538461538,98,182,0.605633795,0
"502",2019,"Tennessee","East South Central",6829174,0.612479475,746,1218,0.614051104,0.456896544
"503",2019,"Texas","West South Central",28995881,0.576249356,2237,3882,0.58109653,0.521052659
"504",2019,"Utah","Mountain",3205958,0.509287926,329,646,0.510603607,0
"506",2019,"Virginia","South Atlantic",8535519,0.582378855,661,1135,0.592746139,0.405882359
"507",2019,"Washington","Pacific",7614893,0.505957109,637,1259,0.529095769,0.267605633
"509",2019,"Wisconsin","East North Central",5822434,0.505325444,427,845,0.512040555,0.681818187
"511",2020,"Alabama","East South Central",4921532,0.683480454,542,793,0.689655185,0.639175236
"512",2020,"Alaska","Pacific",731158,0.651960784,133,204,0.733870983,0.524999976
"513",2020,"Arizona","Mountain",7421401,0.608950844,830,1363,0.628259063,0.477011502
"514",2020,"Arkansas","West South Central",3030522,0.624356775,364,583,0.639155447,0.5
"515",2020,"California","Pacific",39368078,0.374517375,1552,4144,0.394989818,0.276836157
"516",2020,"Colorado","Mountain",5807719,0.502304147,654,1302,0.515780747,0.34375
"517",2020,"Connecticut","New England",3557006,0.299450549,109,364,0.311178237,0.181818187
"518",2020,"Delaware","South Atlantic",986809,0.467741935,58,124,0.476190478,0.421052635
"520",2020,"Florida","South Atlantic",21733312,0.551834131,1730,3135,0.556877851,0.514814794
"521",2020,"Georgia","South Atlantic",10710017,0.629778672,939,1491,0.165950134,2.281345606
"522",2020,"Hawaii","Pacific",1407006,0.168478261,31,184,0.240963861,0.109999999
"523",2020,"Idaho","Mountain",1826913,0.661097852,277,419,0.661800504,0.625
"524",2020,"Illinois","East North Central",12587530,0.398678414,543,1362,0.403996527,0.371428579
"525",2020,"Indiana","East North Central",6754953,0.594726563,609,1024,0.593548357,0.606382966
"526",2020,"Iowa","West North Central",3163561,0.471014493,260,552,0.47047618,0.481481493
"527",2020,"Kansas","West North Central",2913805,0.59245283,314,530,0.595482528,0.558139563
"528",2020,"Kentucky","East South Central",4477251,0.646691635,518,801,0.650200248,0.596153855
"529",2020,"Louisiana","West South Central",4645318,0.633385335,406,641,0.629213512,0.65420562
"530",2020,"Maine","New England",1350141,0.564102564,132,234,0.579645991,0.125
"531",2020,"Maryland","South Atlantic",6055802,0.456410256,267,585,0.46875,0.416058391
"532",2020,"Massachusetts","New England",6893574,0.217532468,134,616,0.226950347,0.115384616
"533",2020,"Michigan","East North Central",9966555,0.527373527,761,1443,0.527229667,0.528409064
"534",2020,"Minnesota","West North Central",5657342,0.46701847,354,758,0.494783908,0.25287357
"535",2020,"Mississippi","East South Central",2966786,0.681372549,278,408,0.667673707,0.740259767
"536",2020,"Missouri","West North Central",6151548,0.62633452,704,1124,0.631476045,0.574257433
"537",2020,"Montana","Mountain",1080577,0.63,189,300,0.658914745,0.452380955
"538",2020,"Nebraska","West North Central",1937552,0.491166078,139,283,0.52140075,0.192307696
"539",2020,"Nevada","Mountain",3138259,0.617940199,372,602,0.633333325,0.532608688
"540",2020,"New Hampshire","New England",1366275,0.504273504,118,234,0.5,0.75
"541",2020,"New Jersey","Middle Atlantic",8882371,0.266568483,181,679,0.287215412,0.157407403
"542",2020,"New Mexico","Mountain",2106319,0.588349515,303,515,0.647887349,0.303370774
"543",2020,"New York","Middle Atlantic",19336776,0.281535649,462,1641,0.308588058,0.142322093
"544",2020,"North Carolina","South Atlantic",10600823,0.60999306,879,1441,0.620661795,0.544554472
"545",2020,"North Dakota","West North Central",765309,0.57037037,77,135,0.585585594,0.5
"546",2020,"Ohio","East North Central",11693217,0.550274223,903,1641,0.555479467,0.508287311
"547",2020,"Oklahoma","West South Central",3980783,0.619102417,538,869,0.63753581,0.543859661
"548",2020,"Oregon","Pacific",4241507,0.546329723,454,831,0.551898718,0.439024389
"549",2020,"Pennsylvania","Middle Atlantic",12783254,0.542502952,919,1694,0.556572914,0.412121207
"550",2020,"Rhode Island","New England",1057125,0.319148936,30,94,0.34117648,0.111111112
"551",2020,"South Carolina","South Atlantic",5218040,0.650921659,565,868,0.645721912,0.683333337
"552",2020,"South Dakota","West North Central",892717,0.47311828,88,186,0.559701502,0.25
"553",2020,"Tennessee","East South Central",6886834,0.629204266,767,1219,0.627149343,0.649122834
"554",2020,"Texas","West South Central",29360759,0.583418367,2287,3920,0.590948403,0.525498867
"555",2020,"Utah","Mountain",3249879,0.521538462,339,650,0.528455257,0.400000006
"556",2020,"Vermont","New England",623347,0.58974359,69,117,0.587719321,0.666666687
"557",2020,"Virginia","South Atlantic",8590563,0.580349709,697,1201,0.59453994,0.514150918
"558",2020,"Washington","Pacific",7693612,0.50990099,618,1212,0.531190932,0.363636374
"559",2020,"West Virginia","South Atlantic",1784787,0.621468927,220,354,0.626112759,0.529411793
"560",2020,"Wisconsin","East North Central",5832655,0.51039261,442,866,0.516169131,0.435483873
"561",2020,"Wyoming","Mountain",582328,0.703296703,128,182,0.706214666,0.600000024
